{
  "name": "tinymce",
  "version": "4.1.10",
  "description": "Web based JavaScript HTML WYSIWYG editor control.",
  "license": "http://www.tinymce.com/license",
  "keywords": [
    "editor",
    "wysiwyg",
    "tinymce",
    "richtext",
    "javascript",
    "html"
  ],
  "homepage": "http://www.tinymce.com",
  "main": "tinymce.min.js",
  "ignore": [
    "readme.md",
    "composer.json",
    "package.json"
  ],
  "_release": "4.1.10",
  "_resolution": {
    "type": "version",
    "tag": "4.1.10",
    "commit": "503d6fe1e69bd9830d39689b6e32a6c7ebffb861"
  },
  "_source": "git://github.com/tinymce/tinymce-dist.git",
  "_target": "~4.1.0",
  "_originalSource": "tinymce-dist"
}